time_ms,acc_x,acc_y,acc_z,gyro_x,gyro_y,gyro_z,temp_c
50,0.1891,10.0054,0.9433,-2.3511,0.4427,0.0000,41.28
100,0.1676,9.9790,0.9481,-2.4733,0.4885,-0.1069,41.09
150,0.1628,9.9838,0.9337,-2.4122,0.4122,-0.1069,41.42
200,0.1700,9.9647,0.9337,-2.2443,0.4275,0.0611,41.42
250,0.2035,10.0149,0.9673,-2.4275,0.2290,-0.1985,40.91
300,0.1676,9.9862,0.9481,-2.2901,0.3359,0.1069,41.38
350,0.1748,9.9575,0.9337,-2.2443,0.5344,0.0916,41.28
400,0.1580,9.9551,0.9481,-2.5038,0.3053,-0.0458,41.42
450,0.1891,9.9623,0.9529,-2.2443,0.4275,-0.0916,41.28
500,0.1915,10.0317,0.9984,-2.1679,0.5954,0.1069,41.42
550,0.1508,9.9718,0.9146,-2.1832,0.6718,-0.0305,41.24
600,0.1820,9.9623,0.9266,-2.0458,0.4885,-0.1069,41.38
650,0.2298,9.9790,0.8954,-2.3511,0.3206,-0.0305,41.28
700,0.1939,9.9766,0.9002,-2.0763,0.4122,0.0305,41.38
750,0.1700,9.9503,0.9170,-2.4122,0.4122,-0.0611,41.24
800,0.1915,9.9671,0.9385,-2.2748,0.3359,-0.1985,41.09
850,0.1772,9.9766,0.9361,-2.2748,0.5191,0.0458,41.38
900,0.1748,9.9551,0.9385,-2.4122,0.3359,-0.0305,40.95
950,0.1772,9.9311,0.8715,-2.5954,0.4275,0.0305,41.38
1000,0.2155,9.9527,0.9170,-2.1069,0.4427,-0.2443,41.05
1050,0.2083,9.9455,0.8811,-2.3664,0.3511,-0.2748,41.24
1100,0.1939,9.9910,0.9649,-2.3511,0.7176,-0.0458,41.19
1150,0.2155,9.9742,0.9505,-2.3359,0.3664,-0.1069,41.24
1200,0.1820,9.9934,0.9385,-2.6412,0.6260,-0.1069,41.42
1250,0.1652,9.9671,0.9361,-2.2748,0.5191,0.2901,41.24
1300,0.1844,9.9503,0.9170,-2.5802,0.3511,0.0153,41.38
1350,0.1748,9.9527,0.8763,-2.5649,0.4733,-0.3053,41.19
1400,0.1748,9.9575,0.9553,-2.3206,0.5344,-0.1832,41.38
1450,0.1652,10.0030,0.9361,-2.4580,0.6107,-0.2595,41.19
1500,0.1724,9.9790,0.9457,-2.2137,0.3817,-0.2443,41.24
1550,0.2011,9.9216,0.9481,-2.4122,0.5496,-0.1832,41.19
1600,0.1772,9.9288,0.9170,-2.5649,0.3817,-0.3511,41.38
1650,0.1437,9.9647,0.9218,-2.3359,0.5496,-0.1985,41.05
1700,0.2011,9.9934,0.9242,-2.5496,0.5496,-0.1679,41.28
1750,0.2155,9.9599,0.9673,-2.4275,0.3969,-0.4733,41.28
1800,0.1796,9.9838,0.8978,-2.2290,0.5954,-0.3664,41.09
1850,0.1556,9.9910,0.9361,-2.2748,0.7481,0.1221,41.38
1900,0.1604,9.9647,0.9385,-2.3664,0.2748,-0.3053,41.09
1950,0.2131,9.9335,0.9457,-2.4275,0.4580,0.0763,41.09
2000,0.1844,10.0006,0.9050,-2.3664,0.4733,-0.0305,41.42
2050,0.1413,9.9742,0.9673,-2.3969,0.6412,-0.3206,41.28
2100,0.1772,9.9647,0.9170,-2.3359,0.5496,-0.2137,41.28
2150,0.1844,9.9647,0.9194,-2.2290,0.4885,-0.2443,41.42
2200,0.1580,9.9910,0.9290,-2.2748,0.5802,-0.3206,41.19
2250,0.1556,9.9599,0.9074,-2.4885,0.6718,-0.2748,41.38
2300,0.2011,9.9575,0.9457,-2.1679,0.6870,-0.2290,41.28
2350,0.1963,9.9264,0.9337,-2.2595,0.6107,-0.1069,41.05
2400,0.2083,9.9742,0.9170,-2.2901,0.7328,-0.0305,41.24
2450,0.1508,9.9695,0.9074,-2.3664,0.4427,-0.1985,41.28
2500,0.1820,9.9479,0.9553,-2.2595,0.7634,-0.0611,41.38
2550,0.1844,9.9599,0.9122,-2.2443,0.5954,-0.3053,41.09
2600,0.1532,9.9359,0.9194,-2.2443,0.4427,-0.3511,41.09
2650,0.1772,10.0078,0.9337,-2.3206,0.5496,-0.2443,41.38
2700,0.2131,9.9862,0.8763,-2.4733,0.4122,-0.1374,41.24
2750,0.1556,9.9647,0.8691,-2.3053,0.5954,-0.2443,41.28
2800,0.1532,9.9407,1.0223,-2.3511,0.5954,-0.4122,41.42
2850,0.2011,9.9503,0.9361,-2.2748,0.6107,-0.4122,41.57
2900,0.1532,9.9695,0.9385,-2.2137,0.6107,-0.0916,41.19
2950,0.1820,10.0054,0.9242,-2.3511,0.3053,-0.1527,41.38
3000,0.1796,9.9671,0.9266,-2.1985,0.6718,0.0153,40.95
3050,0.1915,9.9742,0.9816,-2.4427,0.6718,-0.1069,41.38
3100,0.2035,9.9982,0.9170,-2.2595,0.7328,-0.0458,41.42
3150,0.1939,9.9527,0.9984,-2.4885,0.5344,-0.1374,41.38
3200,0.1939,9.9623,0.9050,-2.2443,0.4885,-0.3359,41.19
3250,0.1772,9.9671,0.9840,-2.1832,0.3206,-0.0916,41.24
3300,0.1676,9.9790,0.8859,-2.2443,0.3817,-0.2290,41.24
3350,0.2059,10.0030,0.9505,-2.1679,0.5344,-0.2443,41.28
3400,0.1796,9.9718,0.8859,-2.2901,0.5802,-0.0458,41.38
3450,0.2107,9.9766,0.8691,-2.3511,0.4427,-0.0458,41.24
3500,0.1700,9.9910,0.9433,-2.1679,0.3969,0.0611,41.38
3550,0.1915,9.9886,0.9577,-2.2748,0.3969,0.0000,41.24
3600,0.1748,9.9718,0.9050,-2.1374,0.3511,0.0611,41.19
3650,0.1460,9.9742,0.9481,-2.1069,0.3817,0.0763,41.47
3700,0.1460,9.9623,0.9242,-2.4885,0.2595,-0.0611,41.24
3750,0.1820,9.9527,0.8811,-2.3511,0.6565,-0.3359,41.28
3800,0.1772,9.9551,0.9050,-2.1527,0.4580,0.0153,41.38
3850,0.1772,9.9647,0.9194,-2.2901,0.6870,-0.1832,41.28
3900,0.2227,9.9958,0.9529,-2.2443,0.5802,0.0611,41.24
3950,0.1844,9.9790,0.9361,-2.3511,0.4275,0.0916,41.38
4000,0.1652,9.9695,1.0104,-2.4580,0.4580,-0.2901,41.24
4050,0.1867,9.9527,0.9457,-2.1069,0.3664,0.0153,40.95
4100,0.1580,9.9958,0.9146,-2.1985,0.3969,-0.1679,41.42
4150,0.2155,9.9838,0.9361,-2.1221,0.5496,-0.1679,41.61
4200,0.1652,9.9551,0.8954,-2.2901,0.3359,-0.1679,41.19
4250,0.1963,9.9575,0.8691,-2.4275,0.5954,-0.2748,41.24
4300,0.1891,9.9599,0.9146,-2.3817,0.7176,-0.2595,41.38
4350,0.1508,9.9575,0.9697,-2.3053,0.5191,-0.1985,41.42
4400,0.1580,9.9599,0.8978,-2.3817,0.3817,-0.1679,41.38
4450,0.1820,9.9934,0.9313,-2.2290,0.4122,-0.3511,41.24
4500,0.2035,9.9718,0.9673,-2.3206,0.3359,-0.2137,41.38
4550,0.2107,9.9838,0.9337,-2.6107,0.5649,0.0153,41.42
4600,0.1939,9.9671,0.9002,-2.2901,0.5954,0.0305,41.38
4650,0.1891,9.9623,0.8930,-2.3969,0.5344,-0.0305,41.38
4700,0.2442,9.9479,0.9290,-2.1221,0.3359,0.1374,41.28
4750,0.1939,9.9407,0.9266,-2.3053,0.4122,-0.2443,41.38
4800,0.1748,9.9575,0.9385,-2.4580,0.4733,-0.0305,41.42
4850,0.1772,9.9455,0.9457,-2.3206,0.4275,-0.1374,41.24
4900,0.1987,9.9790,0.9074,-2.2137,0.4427,-0.1832,41.42
4950,0.1820,9.9814,0.8978,-2.3359,0.4275,0.0458,41.47
5000,0.2131,9.9647,0.9098,-2.3664,0.5344,-0.1832,41.24
5050,0.1939,9.9359,0.8739,-2.1832,0.8702,-0.2748,41.38
5100,0.2083,9.9551,0.8930,-2.2595,0.2748,-0.1679,41.19
5150,0.1700,9.9647,0.9026,-2.3053,0.6107,-0.1374,41.09
5200,0.1604,9.9599,0.9146,-2.2290,0.4885,-0.2443,41.19
5250,0.1891,9.9599,0.9577,-2.2901,0.2901,-0.2443,41.38
5300,0.1365,9.9695,0.9242,-2.5496,0.4733,-0.3206,41.42
5350,0.1724,10.0078,0.9601,-2.2748,0.6565,0.0458,41.42
5400,0.1556,9.9862,0.9385,-2.5191,0.5191,0.0000,41.38
5450,0.1891,9.9623,0.9266,-2.3359,0.5802,0.0305,41.42
5500,0.1556,9.9383,0.9409,-2.3206,0.3664,-0.3817,41.42
5550,0.1796,9.9599,0.9553,-2.4733,0.4122,-0.2290,41.38
5600,0.1341,9.9671,0.9146,-2.4580,0.6260,-0.2137,41.42
5650,0.1748,9.9575,0.9002,-2.4427,0.6565,-0.3206,41.24
5700,0.1556,9.9695,0.8811,-2.4427,0.6870,-0.1679,41.24
5750,0.2107,9.9431,0.8763,-2.2901,0.6260,-0.4580,41.28
5800,0.2107,9.9479,1.0319,-2.5344,0.4427,-0.1832,41.09
5850,0.1772,9.9790,0.9290,-2.5191,0.7328,0.1374,41.80
5900,0.1484,9.9527,0.9170,-2.3664,0.5496,-0.0458,41.19
5950,0.1915,9.9503,0.9122,-2.2901,0.5496,-0.1221,41.38
6000,0.1748,9.9695,0.9673,-2.5191,0.4275,-0.2290,41.24
6050,0.1532,9.9575,0.9218,-2.1221,0.3053,-0.3817,41.38
6100,0.1604,10.0102,0.8906,-2.4427,0.4275,-0.1832,41.42
6150,0.1532,9.9910,0.9577,-2.1985,0.5038,-0.1832,41.42
6200,0.1365,9.9886,0.9577,-2.0916,0.6718,-0.2137,41.28
6250,0.2155,9.9551,0.9242,-2.3359,0.5344,-0.0611,41.38
6300,0.1556,9.9623,0.8739,-2.3664,0.4427,0.0916,41.24
6350,0.1628,9.9695,0.9218,-2.3969,0.7481,-0.1832,41.09
6400,0.1844,9.9790,0.9218,-2.1374,0.7939,-0.0611,41.47
6450,0.1724,9.9790,0.8835,-2.4122,0.3206,-0.2595,41.28
6500,0.1604,9.9934,0.8763,-2.4427,0.6107,-0.3969,41.38
6550,0.1796,9.9742,0.9290,-2.2290,0.6870,-0.0611,41.42
6600,0.1389,9.9886,0.9649,-2.3206,0.6718,-0.2443,41.42
6650,0.1365,9.9790,1.0199,-2.5344,0.4733,-0.0763,41.24
6700,0.1700,9.9862,0.9505,-2.4427,-0.0458,-0.0153,41.19
6750,0.1580,9.9599,0.9050,-2.3053,0.4733,-0.0763,41.38
6800,0.1748,9.9982,0.9290,-2.2901,0.5038,-0.0305,41.47
6850,0.1820,10.0293,0.9409,-2.4122,0.3817,-0.1679,41.38
6900,0.1604,9.9647,0.9122,-2.4733,0.3359,-0.0611,41.38
6950,0.1460,9.9718,0.9433,-2.4885,0.3511,-0.1832,41.42
7000,0.1772,9.9982,0.9194,-2.0458,0.5496,-0.0153,41.61
7050,0.1724,9.9647,0.9936,-2.1985,0.4580,-0.1679,41.38
7100,0.1796,9.9695,0.9361,-2.7023,0.4580,-0.1985,41.38
7150,0.1963,9.9695,0.9218,-2.1985,0.3817,0.0000,41.19
7200,0.1532,9.9671,0.8691,-2.3969,0.3664,-0.0763,41.61
7250,0.1772,9.9671,0.9649,-2.1985,0.6107,0.0000,41.42
7300,0.1891,9.9934,0.9098,-2.5191,0.4275,0.0458,41.57
7350,0.1724,9.9383,1.0271,-2.2137,0.3817,-0.2290,41.47
7400,0.1891,9.9718,0.9457,-2.2901,0.8244,-0.1527,41.38
7450,0.2107,9.9527,0.9505,-2.2290,0.5496,-0.1221,41.24
7500,0.1939,9.9742,0.9242,-2.3511,0.3817,-0.1679,41.47
7550,0.1891,9.9766,0.9218,-2.4733,0.7786,0.0458,41.47
7600,0.2059,9.9910,0.8978,-2.2748,0.4733,-0.3664,41.38
7650,0.1460,9.9671,0.8763,-2.2748,0.5649,0.0305,41.57
7700,0.1915,9.9695,0.8763,-2.4733,0.4733,-0.1985,41.19
7750,0.2298,9.9599,0.8595,-2.0458,0.5191,-0.0305,41.47
7800,0.1987,9.9623,0.9313,-2.4122,0.3511,0.1069,41.47
7850,0.2035,9.9886,0.9816,-2.5649,0.7176,0.1374,41.47
7900,0.1484,9.9479,0.9529,-2.4122,0.5038,-0.0916,41.24
7950,0.1963,9.9479,0.9290,-2.4275,0.4275,-0.3206,41.24
8000,0.2227,9.9335,0.9385,-2.2595,0.5802,-0.1374,41.42
8050,0.2035,9.9359,0.9361,-2.3817,0.5649,-0.2595,41.42
8100,0.1772,9.9671,0.8811,-2.5191,0.5496,-0.1221,41.28
8150,0.2083,9.9623,0.9098,-2.3511,0.6260,-0.1527,41.38
8200,0.2131,9.9383,0.9122,-2.4427,0.4580,-0.0153,41.42
8250,0.1796,9.9814,0.9625,-2.5802,0.2443,-0.1069,41.38
8300,0.1963,9.9623,0.9720,-2.3817,0.4580,-0.1679,41.42
8350,0.1796,9.9264,0.8954,-2.4275,0.5496,-0.2290,41.42
8400,0.1772,9.9886,0.9385,-2.3664,0.4580,-0.2901,41.24
8450,0.1772,9.9431,0.9026,-2.3969,0.6260,-0.1374,41.42
8500,0.2035,9.9742,0.8954,-2.2443,0.5496,-0.1985,41.57
8550,0.1963,9.9623,0.9337,-2.2748,0.5649,-0.1679,41.28
8600,0.1772,9.9383,0.9218,-2.5191,0.5496,-0.2901,41.42
8650,0.1963,9.9216,0.9553,-2.5496,0.4885,-0.0916,41.61
8700,0.1700,9.9671,0.9697,-2.3664,0.6107,-0.1832,41.38
8750,0.1652,9.9431,0.8906,-2.5802,0.4733,-0.1985,41.38
8800,0.1915,9.9383,0.9433,-2.4733,0.3664,-0.1832,41.47
8850,0.1820,9.9671,0.8595,-2.2290,0.4733,-0.2137,41.47
8900,0.1939,9.9096,0.8523,-2.4733,0.6870,-0.1985,41.47
8950,0.1867,9.9359,0.9218,-2.4580,0.3969,-0.1832,41.24
9000,0.1556,9.9503,0.9361,-2.1679,0.5191,-0.1069,41.38
9050,0.1676,9.9814,0.9649,-2.5191,0.5496,-0.3053,41.19
9100,0.1867,9.9527,0.9266,-2.2595,0.5496,-0.0916,41.19
9150,0.2155,9.9431,0.9768,-2.2901,0.6565,-0.0916,41.05
9200,0.2059,9.9647,0.8882,-2.4733,0.4275,-0.1374,41.38
9250,0.1508,9.9790,0.9122,-2.4733,0.4733,-0.0916,41.24
9300,0.1724,9.9647,0.9337,-2.5954,0.3206,-0.3664,41.42
9350,0.1604,9.9599,0.9601,-2.5038,0.3359,-0.3206,41.38
9400,0.2011,9.9742,0.9625,-2.4427,0.4580,-0.2748,41.42
9450,0.1915,9.9264,0.9050,-2.3664,0.5496,-0.0916,41.42
9500,0.1484,9.9288,0.9720,-2.3817,0.3053,-0.1374,41.42
9550,0.1772,9.9431,0.9313,-2.3511,0.4580,-0.1679,41.57
9600,0.1987,10.0054,0.8978,-2.3969,0.4733,-0.2443,41.24
9650,0.1867,9.9766,0.9337,-2.4427,0.5038,-0.3359,41.42
9700,0.1556,9.9718,0.9697,-2.3206,0.4427,-0.2290,41.42
9750,0.1628,10.0413,0.9433,-2.1527,0.3359,-0.1374,41.42
9800,0.1915,9.9671,0.9290,-2.1985,0.4122,-0.3359,41.47
9850,0.1772,9.9455,0.9864,-2.4427,0.3511,-0.1527,41.28
9900,0.1389,9.9742,0.8571,-2.3359,0.4122,0.0916,41.38
9950,0.1820,9.9814,0.9673,-2.4885,0.5954,0.1527,41.42
10000,0.1844,9.9838,0.8978,-2.2290,0.3511,-0.2901,41.19
10050,0.1484,9.9814,0.8954,-2.5038,0.4122,-0.0153,41.09
10100,0.1269,9.9742,0.9074,-2.3359,0.5496,-0.2901,41.42
10150,0.2107,9.9886,0.9744,-2.4427,0.4885,-0.1832,41.80
10200,0.1604,9.9934,0.9840,-2.2901,0.4580,-0.2290,41.24
10250,0.1963,9.9886,0.9409,-2.5038,0.1679,-0.2748,41.42
10300,0.2083,9.9718,0.8404,-2.2748,0.2748,-0.0611,41.42
10350,0.1604,9.9575,0.9074,-2.3664,0.6565,0.0611,41.42
10400,0.1437,9.9575,0.8954,-2.0611,0.3969,0.0153,41.28
10450,0.1508,9.9838,0.9146,-2.0305,0.7023,0.1069,41.19
10500,0.1604,9.9599,0.9170,-2.2137,0.6260,0.1069,41.24
10550,0.1628,9.9934,0.8667,-2.2137,0.5038,-0.2901,41.28
10600,0.1915,10.0078,0.9337,-2.3969,0.5344,-0.0916,41.47
10650,0.2418,9.9742,0.9457,-2.3817,0.3053,-0.0611,41.47
10700,0.1963,9.9144,0.9457,-2.6718,0.4733,-0.1069,41.42
10750,0.1820,10.0006,0.9194,-2.3206,0.4580,0.3969,41.57
10800,0.1700,9.9695,0.9218,-2.3206,0.5649,0.0305,41.57
10850,0.1604,9.9790,0.9720,-2.3359,0.2595,-0.2290,41.42
10900,0.1652,9.9958,0.9816,-2.3359,0.5496,-0.1221,41.42
10950,0.1820,9.9527,0.9026,-2.2748,0.4122,-0.1374,41.38
11000,0.2107,9.9671,0.9146,-2.3969,0.3817,0.0611,41.42
11050,0.1460,9.9575,0.9146,-2.2595,0.5496,0.0916,41.28
11100,0.2011,9.9503,0.9170,-2.2901,0.4580,-0.0611,41.42
11150,0.1915,9.9695,0.9481,-2.4580,0.6718,-0.1069,41.38
11200,0.1484,9.8904,0.9266,-2.4122,0.5038,-0.2290,41.38
11250,0.1460,10.0078,0.9170,-2.5496,0.4733,-0.0763,41.47
11300,0.1700,9.9695,0.9266,-2.5191,0.5496,-0.3359,41.47
11350,0.1963,9.9718,0.9290,-2.3817,0.7481,-0.0153,41.42
11400,0.1987,9.9695,0.9313,-2.4580,0.7023,-0.1374,41.42
11450,0.1963,9.9551,0.9146,-2.2443,0.3053,-0.0916,41.42
11500,0.1389,9.9838,0.9098,-2.6260,0.4885,-0.0611,41.42
11550,0.1700,9.9551,0.9026,-2.3511,0.2901,-0.2290,41.38
11600,0.1844,9.9311,0.9242,-2.5802,0.2290,0.0763,41.09
11650,0.1580,9.9671,0.9361,-2.3206,0.4275,-0.1374,41.42
11700,0.1652,9.9431,0.9792,-2.4275,0.6565,-0.0458,41.42
11750,0.1508,9.9575,0.8643,-2.4580,0.4122,-0.2901,41.28
11800,0.1844,9.9431,0.8547,-2.6107,0.5649,-0.2137,41.57
11850,0.1365,9.9479,0.9385,-2.5802,0.3817,0.0000,41.42
11900,0.2059,9.9383,0.9266,-2.3664,0.6412,-0.4427,41.61
11950,0.1987,9.9311,0.9697,-2.2443,0.4427,0.0916,41.42
12000,0.1891,9.9455,0.9433,-2.6412,0.5802,-0.2137,41.42
12050,0.1772,9.9407,0.9050,-2.6412,0.4885,-0.4427,41.61
12100,0.1796,9.9599,0.9385,-2.3053,0.4580,-0.0153,41.57
12150,0.1652,9.9359,0.9385,-2.2748,0.7023,-0.2137,41.47
12200,0.1724,9.9814,0.8906,-2.1985,0.6718,-0.0611,41.38
12250,0.1891,9.9718,0.8523,-2.5802,0.7176,-0.1985,41.61
12300,0.1772,9.9647,0.9936,-2.3817,0.5954,0.0000,41.71
12350,0.1844,9.9168,0.9313,-2.3969,0.7786,0.1527,41.42
12400,0.1508,9.9575,0.9146,-2.4427,0.6565,-0.0458,41.57
12450,0.1508,9.9455,0.8452,-2.5802,0.3359,0.1985,41.42
12500,0.1508,9.9910,0.9505,-2.6107,0.4580,0.0000,41.42
12550,0.1580,9.9527,0.9840,-2.3053,0.7176,-0.1069,41.24
12600,0.1556,9.9479,0.8499,-2.3969,0.3359,-0.3053,41.42
12650,0.1413,9.9527,0.9649,-2.3053,0.5038,-0.4275,41.38
12700,0.1796,9.9479,0.9313,-2.3511,0.5344,-0.1221,41.42
12750,0.1652,9.9671,0.9649,-2.2443,0.4580,-0.2290,41.19
12800,0.1389,10.0006,1.0008,-2.1527,0.5649,-0.0611,41.42
12850,0.1820,9.9671,0.8835,-2.4275,0.6718,-0.1832,41.47
12900,0.1939,10.0006,0.9313,-2.3359,0.6107,-0.2137,41.19
12950,0.1772,9.9311,0.9577,-2.5038,0.4885,-0.2137,41.57
13000,0.1676,9.9383,0.9290,-2.4122,0.6412,-0.1679,41.61
13050,0.1317,9.9934,0.9337,-2.4580,0.4275,0.0000,41.42
13100,0.1748,9.9431,0.9242,-2.3664,0.4733,-0.1679,41.28
13150,0.1604,9.9695,0.8811,-2.3664,0.4733,-0.3664,41.61
13200,0.1580,9.9695,0.8787,-2.1527,0.4275,-0.0611,41.42
13250,0.1724,9.9503,0.8763,-2.1985,0.1069,-0.1527,41.38
13300,0.1748,9.9886,0.9242,-2.6260,0.2595,-0.2137,41.71
13350,0.2035,9.9910,0.9313,-2.3817,0.2748,0.0458,41.42
13400,0.1652,9.9623,0.8643,-2.2748,0.3664,-0.0458,41.28
13450,0.1724,9.9718,0.9553,-2.3511,0.4122,0.0305,41.47
13500,0.1844,9.9623,0.9122,-2.3511,0.5038,-0.0458,41.47
13550,0.1891,9.9551,0.9649,-2.3817,0.7481,0.0611,41.38
13600,0.1580,9.9958,0.9505,-2.2901,0.4275,-0.0611,41.61
13650,0.1820,9.9718,0.9266,-2.3053,0.3817,-0.1069,41.61
13700,0.2011,9.9527,0.9361,-2.2290,0.3053,-0.0763,41.47
13750,0.1628,9.9838,0.8978,-2.2748,0.5496,-0.2290,41.75
13800,0.1532,9.9623,0.9409,-2.0916,0.3206,-0.3206,41.38
13850,0.1772,9.9671,0.9481,-2.1221,0.4580,0.1679,41.38
13900,0.1652,10.0006,0.9577,-2.1221,0.5038,-0.2901,41.38
13950,0.1748,9.9599,1.0032,-2.0763,0.3359,-0.1985,41.57
14000,0.1437,9.9718,0.9409,-2.3664,0.4885,0.0000,41.38
14050,0.1700,10.0126,0.9553,-2.2595,0.3206,0.2443,41.61
14100,0.1700,9.9695,0.8787,-2.0916,0.4580,-0.0763,41.57
14150,0.1987,9.9551,0.8882,-2.3359,0.3817,-0.1832,41.24
14200,0.1891,9.9695,0.9266,-2.2901,0.5954,-0.1527,41.61
14250,0.1724,9.9527,0.8906,-2.3511,0.2443,0.0153,41.38
14300,0.1676,9.9599,0.9337,-2.1527,0.5496,-0.0153,41.42
14350,0.1987,9.9288,0.9505,-2.5344,0.7023,0.0458,41.42
14400,0.1700,9.9599,0.9194,-2.2290,0.3206,0.1679,41.28
14450,0.1724,9.9790,0.8739,-2.2290,0.5344,-0.0305,41.38
14500,0.1867,9.9575,0.8882,-2.2290,0.3511,-0.1679,41.61
14550,0.1532,9.9695,0.9481,-2.6412,0.3969,0.0458,41.61
14600,0.1628,9.9766,0.9313,-2.4733,0.5496,0.0000,41.24
14650,0.1820,9.9718,0.9050,-2.4580,0.4427,-0.0458,41.47
14700,0.1484,9.9359,0.9002,-2.4427,0.5344,-0.2443,41.57
14750,0.1700,9.9551,0.9337,-2.5496,0.4733,-0.1679,41.42
14800,0.1700,9.9551,0.9050,-2.1985,0.2443,-0.2901,41.42
14850,0.1844,9.9551,0.9050,-2.1985,0.5649,-0.2748,41.42
14900,0.1820,9.9671,0.9409,-2.3511,0.5038,-0.1527,41.38
14950,0.1652,9.9431,0.9266,-2.3969,0.5649,-0.2901,41.47
15000,0.1963,9.9886,0.9481,-2.2901,0.4122,-0.3053,41.57
15050,0.1508,9.9575,0.9505,-2.3969,0.4885,-0.1221,41.38
15100,0.1939,9.9311,0.9313,-2.3969,0.3359,-0.0763,41.42
15150,0.1676,9.9431,0.9864,-2.5954,0.3817,-0.1832,41.47
15200,0.1844,9.9527,0.9074,-2.3817,0.7023,-0.1069,41.57
15250,0.1820,9.9982,0.8835,-2.1221,0.5496,-0.2901,41.42
15300,0.1963,9.9742,0.9194,-2.2901,0.5802,-0.2443,41.42
15350,0.1844,9.9695,0.9266,-2.7023,0.6565,-0.0153,41.61
15400,0.1628,9.9718,0.9218,-2.5191,0.4733,-0.3053,41.47
15450,0.1867,9.9311,0.9649,-2.3817,0.6260,-0.1679,41.57
15500,0.2155,9.9479,0.9792,-2.5802,0.4122,0.0305,41.42
15550,0.1844,9.9479,0.8906,-2.3511,0.4733,-0.0763,41.57
15600,0.1652,9.9718,0.9026,-2.3511,0.4122,-0.0153,41.71
15650,0.1748,9.9671,0.9170,-2.5496,0.5954,-0.3206,41.38
15700,0.1652,9.9599,0.9673,-2.4122,0.7023,-0.0458,41.38
15750,0.1676,10.0413,0.8523,-2.1832,0.3969,-0.1221,41.47
15800,0.1820,9.9407,0.8882,-2.3359,0.4885,-0.0763,41.47
15850,0.1628,9.9527,0.9601,-2.0458,0.5496,-0.4427,41.42
15900,0.1748,9.9575,0.9218,-2.3206,0.6412,-0.0916,41.42
15950,0.1365,9.9503,0.8882,-2.3817,0.4275,-0.1679,41.47
16000,0.1700,9.9359,0.9337,-2.4275,0.4275,-0.1221,41.57
16050,0.1556,9.9934,0.9122,-2.1832,0.5954,-0.3206,41.38
16100,0.1532,9.9527,0.9409,-2.2290,0.4885,-0.1069,41.75
16150,0.1508,9.9910,0.8595,-2.2443,0.3359,-0.0763,41.42
16200,0.1580,9.9790,0.9673,-2.2290,0.5802,-0.2137,41.24
16250,0.1963,9.9599,0.9266,-2.4427,0.6412,-0.3206,41.42
16300,0.1963,10.0030,0.9768,-2.3206,0.5344,-0.1221,41.75
16350,0.1628,9.9718,0.9481,-2.3664,0.3817,-0.3359,41.42
16400,0.1676,9.9503,0.9122,-2.3817,0.7939,-0.2137,41.42
16450,0.1317,9.9742,0.9218,-2.2901,0.5038,-0.0916,41.47
16500,0.1820,9.9958,0.9074,-2.3206,0.5954,-0.1221,41.75
16550,0.1772,9.9982,0.9313,-2.3969,0.5344,-0.1221,41.28
16600,0.1867,9.9311,0.9098,-2.2901,0.0916,-0.1985,41.47
16650,0.1844,9.9527,0.9625,-2.4885,0.3053,-0.1985,41.75
16700,0.1891,9.9718,0.9529,-2.2290,0.5344,-0.3053,41.42
16750,0.1748,9.9886,0.9840,-2.4885,0.2901,-0.1069,41.38
16800,0.1820,10.0006,0.9673,-2.3511,0.4733,-0.0611,41.24
16850,0.1508,9.9742,0.9720,-2.3969,0.3664,0.0916,41.71
16900,0.1987,9.9790,0.9074,-2.3817,0.5038,-0.0763,41.38
16950,0.1700,9.9671,0.8954,-2.3053,0.5802,-0.2137,41.47
17000,0.1628,9.9575,0.9529,-2.4275,0.2901,0.2748,41.42
17050,0.1437,9.9718,0.9385,-2.4733,0.6107,0.0611,41.47
17100,0.1580,9.9647,0.9266,-2.2901,0.4122,-0.0763,41.38
17150,0.1796,9.9383,0.9481,-2.3053,0.5649,-0.0611,41.80
17200,0.1820,9.9718,0.9553,-2.3359,0.4733,-0.0763,41.57
17250,0.1891,9.9671,0.9505,-2.3664,0.4580,-0.0153,41.47
17300,0.1389,9.9982,0.8978,-2.2290,0.3817,0.0305,41.71
17350,0.1772,9.9455,0.9601,-2.1832,0.2443,-0.0916,41.71
17400,0.1748,10.0126,0.9481,-2.0611,0.4275,0.0000,41.57
17450,0.2203,9.9383,0.9218,-2.4733,0.2748,-0.2443,41.38
17500,0.1963,9.9527,0.8930,-2.2443,0.1069,-0.2443,41.61
17550,0.1700,9.9479,0.8571,-2.3206,0.2290,-0.0458,41.47
17600,0.1628,9.9335,0.9098,-2.5496,0.4885,-0.1374,41.42
17650,0.1077,9.9599,0.9625,-2.2290,0.2901,-0.1527,41.42
17700,0.2083,9.9335,1.0223,-2.3359,0.5496,-0.0763,41.47
17750,0.1748,9.9671,0.9098,-2.5344,0.3817,-0.0611,41.42
17800,0.2059,9.9575,0.9122,-2.2748,0.8092,-0.1832,41.38
17850,0.1748,9.9407,0.9577,-2.0458,0.5038,0.1374,41.28
17900,0.2083,9.9790,0.9313,-2.3053,0.2748,-0.2901,41.42
17950,0.2059,9.9718,0.9242,-2.2290,0.5496,-0.1374,41.61
18000,0.2107,9.9647,0.8859,-2.5191,0.5954,0.1374,41.57
18050,0.1891,9.9479,0.9098,-2.3664,0.3969,-0.1832,41.61
18100,0.2227,9.9431,0.9481,-2.3969,0.4122,-0.1221,41.42
18150,0.2011,9.9407,0.8930,-2.4885,0.3359,0.0153,41.75
18200,0.1987,9.9623,0.9385,-2.3969,0.3817,-0.2901,41.57
18250,0.1915,9.9503,0.9337,-2.5802,0.5191,-0.0611,41.42
18300,0.1652,9.9383,0.9002,-2.4427,0.5038,-0.1832,41.57
18350,0.1724,9.9288,0.9242,-2.3969,0.5038,-0.2595,41.57
18400,0.2011,9.9311,0.9074,-2.3206,0.7176,-0.2137,41.47
18450,0.1987,9.9383,0.8859,-2.1985,0.5344,-0.0305,41.61
18500,0.1460,9.9359,0.9050,-2.3817,0.5038,-0.2901,41.38
18550,0.1748,9.9335,0.9122,-2.4275,0.4580,-0.0611,41.47
18600,0.1604,9.9407,0.9074,-2.3969,0.7939,-0.2901,41.57
18650,0.1556,9.9551,0.9409,-2.3664,0.7328,-0.0916,41.38
18700,0.1748,9.9575,0.8691,-2.3206,0.5038,-0.4275,41.47
18750,0.2155,9.9503,0.9840,-2.5649,0.5802,0.0153,41.38
18800,0.1748,9.9695,0.9409,-2.5649,0.4275,-0.0611,41.38
18850,0.1652,9.9766,0.9146,-2.4885,0.5954,-0.1679,41.38
18900,0.1772,9.9407,0.9529,-2.3817,0.6260,0.0458,41.57
18950,0.1796,9.9479,0.9385,-2.1985,0.4427,-0.1985,41.24
19000,0.1580,9.9264,0.9170,-2.2748,0.5344,0.2290,41.75
19050,0.1556,9.9575,0.8595,-2.3053,0.2137,-0.1221,41.71
19100,0.1867,9.9575,0.9050,-2.4885,0.5649,-0.4122,41.47
19150,0.1293,9.9695,0.8930,-2.5038,0.7176,0.0153,41.75
19200,0.1867,10.0126,0.9050,-2.2748,0.3969,-0.1069,41.47
19250,0.1748,9.9311,0.8787,-2.1527,0.5496,-0.1374,41.61
19300,0.1293,9.9814,0.8882,-2.2290,0.5954,-0.1374,41.42
19350,0.1844,9.9455,0.8835,-2.3817,0.8244,-0.3206,41.38
19400,0.1365,9.9742,0.9553,-2.3053,0.4427,0.0305,41.42
19450,0.1556,9.9886,1.0080,-2.3817,0.4733,-0.4122,41.57
19500,0.1963,9.9335,0.9433,-2.2748,0.4427,-0.0153,41.38
19550,0.1413,9.9766,1.0008,-2.3053,0.4122,-0.0763,41.61
19600,0.1460,9.9790,0.8811,-2.2595,0.5038,-0.0305,41.38
19650,0.1700,9.9575,0.8978,-2.3969,0.4580,-0.1527,41.47
19700,0.1532,9.9479,0.8978,-2.2443,0.3969,-0.3511,41.28
19750,0.1365,9.9766,0.9744,-2.3664,0.5649,-0.5802,41.57
19800,0.1580,9.9934,0.9433,-2.1679,0.2443,-0.0458,41.61
19850,0.1341,9.9862,0.9242,-2.3053,0.4122,-0.1374,41.57
19900,0.1724,9.9647,0.8739,-2.3817,0.4580,-0.0763,41.28
19950,0.1772,9.9527,0.9146,-2.3511,0.3664,-0.1832,41.75
20000,0.1987,9.9886,0.9720,-2.3511,0.5649,-0.1374,41.71
20050,0.1772,10.0006,1.0104,-2.3664,0.6107,-0.1374,41.75
20100,0.1676,9.9742,0.9481,-2.3511,0.4122,0.0458,41.42
20150,0.1748,9.9814,0.9697,-2.0458,0.4733,-0.3359,41.42
20200,0.1532,9.9551,0.9720,-2.2290,0.5191,0.1679,41.71
20250,0.1820,9.9671,0.9266,-2.4122,0.5191,-0.1679,41.42
20300,0.1700,9.9766,0.8859,-2.3969,0.6718,-0.0611,41.42
20350,0.1437,9.9766,0.9242,-2.1985,0.5038,0.1221,41.42
20400,0.1748,10.0030,0.9505,-2.5038,0.6107,-0.3206,41.19
20450,0.2107,9.9671,0.9266,-2.1527,0.6412,0.0763,41.57
20500,0.1724,9.9695,0.9409,-2.0763,0.4733,0.0916,41.61
20550,0.1484,9.9695,0.9266,-2.1679,0.2137,-0.1527,41.57
20600,0.1867,9.9599,0.9601,-2.6412,0.1985,-0.1527,41.75
20650,0.1724,9.9479,0.9146,-2.0305,0.5191,-0.0153,41.57
20700,0.1724,9.9311,0.9792,-2.2290,0.4427,0.0153,41.42
20750,0.1389,10.0126,0.9098,-2.3206,0.3969,-0.0763,41.61
20800,0.1724,9.9527,0.9625,-2.3206,0.4580,-0.1527,41.28
20850,0.1676,9.9575,0.9505,-2.3969,0.6412,0.0000,41.42
20900,0.1772,9.9503,0.8739,-2.0916,0.3359,-0.1221,41.75
20950,0.1676,9.9671,0.9385,-2.1527,0.1221,-0.0305,41.42
21000,0.1867,9.9311,0.9385,-2.4122,0.4885,-0.2443,41.47
21050,0.1867,9.9599,0.9313,-2.2748,0.4275,0.0305,41.61
21100,0.1963,9.9383,0.9050,-2.2748,0.7939,-0.1679,41.61
21150,0.1796,9.9575,0.8954,-2.3664,0.3817,0.0153,41.47
21200,0.1772,9.9766,0.9002,-2.3817,0.5649,-0.1679,41.75
21250,0.1867,9.9311,0.9146,-2.6412,0.6718,0.0305,41.57
21300,0.1389,9.9551,0.8859,-2.3053,0.2290,-0.0763,41.71
21350,0.1820,9.9575,0.9218,-2.4580,0.5649,-0.0458,41.57
21400,0.1867,9.9814,0.8906,-2.4733,0.4885,-0.0763,41.71
21450,0.1269,9.9407,0.9122,-2.0611,0.1985,-0.2748,41.47
21500,0.2035,9.9934,0.9242,-2.8397,0.2748,-0.2901,41.38
21550,0.1460,10.0173,0.8116,-2.3359,0.3053,0.0153,41.28
21600,0.1820,9.9311,0.9290,-2.2901,0.4122,-0.0611,41.42
21650,0.1820,9.9024,0.8811,-2.4275,0.4885,-0.0153,41.42
21700,0.1628,9.9599,0.9457,-2.4427,0.1832,0.0153,41.61
21750,0.2083,9.9359,0.9553,-2.3053,0.5191,-0.0153,41.47
21800,0.1484,9.9096,0.8380,-2.5038,0.3817,-0.2901,41.28
21850,0.1820,9.9527,0.9146,-2.4427,0.2595,-0.3511,41.61
21900,0.1867,9.9527,0.9146,-2.2443,0.5954,-0.1221,41.57
21950,0.1867,9.9742,0.8930,-2.3664,0.4122,-0.0763,41.61
22000,0.1915,9.9551,0.9433,-2.5191,0.3511,-0.4427,41.75
22050,0.1844,9.9742,0.9720,-2.3511,0.4427,-0.0611,41.61
22100,0.1867,9.9431,0.9529,-2.3359,0.4427,-0.0763,41.61
22150,0.1820,9.9503,0.9361,-2.7176,0.3969,-0.2901,41.61
22200,0.1820,9.9766,0.9409,-2.2748,0.5191,-0.5649,41.61
22250,0.1820,9.9431,0.9122,-2.4122,0.3664,-0.0763,41.42
22300,0.1484,9.9431,0.9505,-2.4733,0.6870,0.0305,41.71
22350,0.1748,9.9958,0.8906,-2.3359,0.7481,-0.1832,41.57
22400,0.1772,9.9599,0.9146,-2.3511,0.5954,-0.2290,41.61
22450,0.2107,9.9335,0.9242,-2.2137,0.7176,0.0000,41.61
22500,0.1652,9.9455,0.9457,-2.3206,0.5649,-0.2443,41.42
22550,0.1724,9.9551,0.9218,-2.1832,0.6107,-0.4275,41.57
22600,0.1269,9.9718,0.8475,-2.2748,0.4427,-0.1527,41.61
22650,0.1508,9.9790,0.9002,-2.3664,0.5191,-0.0763,41.71
22700,0.1700,9.9479,0.9122,-2.1527,0.7481,-0.2137,41.61
22750,0.1389,9.9742,0.9170,-2.3511,0.5496,-0.1069,41.61
22800,0.1604,9.9695,0.9625,-2.4733,0.6718,-0.1832,41.61
22850,0.1844,9.9407,0.9409,-2.3664,0.5344,-0.0916,41.47
22900,0.1772,9.9359,0.8978,-2.4580,0.6565,-0.1985,41.75
22950,0.1891,9.9718,0.9194,-2.4733,0.3359,0.0458,41.80
23000,0.1437,9.9527,0.9433,-2.5496,0.1985,-0.1527,41.57
23050,0.1460,9.9431,0.9170,-2.3664,0.5191,-0.1985,41.61
23100,0.1867,10.0126,0.8954,-2.0916,0.5038,-0.1527,41.71
23150,0.1556,9.9575,0.8787,-2.1832,0.3206,0.0305,41.47
23200,0.1676,10.0126,0.8452,-2.3053,0.4885,-0.5496,41.38
23250,0.1867,9.9479,0.9553,-2.4122,0.3817,-0.0611,41.71
23300,0.1676,9.9718,0.8739,-2.4275,0.5038,-0.2137,41.57
23350,0.1413,10.0054,0.9290,-2.2137,0.3817,-0.1221,41.38
23400,0.1508,9.9671,1.0343,-2.5038,0.5191,-0.0611,41.75
23450,0.1628,9.9790,0.9337,-2.3359,0.2595,-0.3053,41.75
23500,0.1724,9.9742,0.9266,-2.2748,0.6870,0.0458,41.38
23550,0.1437,9.9838,0.9433,-2.3969,0.6718,-0.0153,41.71
23600,0.1987,9.9982,0.9218,-2.3359,0.5496,-0.1832,41.71
23650,0.1580,9.9742,0.8859,-2.3053,0.5191,-0.1985,41.38
23700,0.1365,9.9790,0.9266,-2.3206,0.4427,-0.0305,41.57
23750,0.1676,9.9647,0.9337,-2.1985,0.4885,-0.0153,41.38
23800,0.1796,9.9862,0.9505,-2.2901,0.6107,-0.0916,41.47
23850,0.1796,9.9383,0.9146,-2.4580,0.3359,-0.1527,41.57
23900,0.1867,9.9742,0.9194,-2.4427,0.4733,-0.1985,41.42
23950,0.1700,9.9934,0.9720,-2.4733,0.4733,0.0763,41.47
24000,0.1365,9.9695,0.8906,-2.3359,0.4275,-0.3511,41.38
24050,0.1891,9.9599,0.9313,-2.4733,0.2901,-0.0153,41.75
24100,0.1484,9.9910,0.9337,-2.4275,0.4885,0.0916,41.75
24150,0.1580,9.9695,0.9337,-2.1985,0.5496,-0.2595,41.42
24200,0.1891,9.9718,0.9146,-2.4427,0.4275,0.1374,41.89
24250,0.1580,9.9838,0.9529,-2.1679,0.3511,-0.0153,41.80
24300,0.1604,9.9599,0.9649,-2.1527,0.5649,-0.2901,41.75
24350,0.1532,9.9599,0.9529,-2.2595,0.4427,-0.3359,41.42
24400,0.1748,9.9527,0.9433,-2.5191,0.1527,0.2748,41.71
24450,0.1844,9.9359,0.8835,-2.1527,0.5344,0.0305,41.57
24500,0.1293,9.9575,0.9122,-2.0305,0.6260,0.0153,41.71
24550,0.1604,9.9934,0.9313,-2.3359,0.4580,-0.2290,41.94
24600,0.1796,9.9647,0.9481,-2.4733,0.3511,-0.0916,41.61
24650,0.1772,9.9335,0.8547,-2.1374,0.1832,-0.1832,41.47
24700,0.1748,9.9479,0.9409,-2.2595,0.5802,-0.1069,41.71
24750,0.1724,9.9575,0.9290,-2.4275,0.3359,-0.1527,41.42
24800,0.1939,9.9623,0.9673,-2.2290,0.7481,-0.2290,41.57
24850,0.1724,9.9240,0.9385,-2.2290,0.4122,-0.0458,41.47
24900,0.1628,9.9718,0.8882,-2.0611,0.6107,0.1985,41.75
24950,0.1748,9.9551,0.9481,-2.4275,0.2748,-0.3969,41.75
25000,0.1867,9.9647,0.9242,-2.4427,0.4427,-0.1069,41.57
25050,0.1700,9.9192,0.8715,-2.3817,0.4733,-0.2595,41.75
25100,0.1796,9.9383,0.8954,-2.1069,0.3817,-0.3206,41.57
25150,0.1628,9.9838,0.9098,-2.0153,0.6260,-0.1374,41.71
25200,0.2203,9.9455,0.9337,-2.4580,0.5038,-0.1679,41.61
25250,0.2179,9.9503,0.9433,-2.3053,0.6260,-0.0611,41.47
25300,0.1891,9.9527,0.9098,-2.3664,0.1679,-0.1832,41.57
25350,0.1915,9.9647,0.9505,-2.1985,0.7939,-0.2443,41.47
25400,0.1724,9.9240,0.9361,-2.2901,0.5496,-0.0458,41.42
25450,0.1556,9.9335,0.9649,-2.4580,0.8397,-0.2901,41.75
25500,0.1915,9.9431,0.9146,-2.3206,0.5191,-0.1527,41.57
25550,0.1891,9.9790,0.9170,-2.3359,0.4122,-0.3511,41.61
25600,0.1580,9.9695,0.9601,-2.5344,0.6565,-0.1679,41.47
25650,0.1604,9.9431,0.9433,-2.5649,0.2748,-0.0611,41.61
25700,0.1484,9.9647,0.9098,-2.3053,0.4275,-0.0916,41.57
25750,0.1484,9.9958,0.8499,-2.4427,0.5191,-0.1985,41.47
25800,0.1676,9.9671,0.9218,-2.6260,0.7023,-0.1832,41.71
25850,0.1556,9.9934,0.9146,-2.3053,0.5954,-0.3511,41.38
25900,0.1628,9.9671,0.9577,-2.0916,0.4733,0.0763,41.47
25950,0.1628,9.9671,0.9170,-2.4275,0.5038,-0.0611,41.42
26000,0.1484,9.9623,0.9170,-2.4733,0.4122,-0.1527,41.38
26050,0.1700,9.9575,0.9816,-2.3053,0.7939,-0.2137,41.75
26100,0.2251,9.9838,0.8882,-2.2748,0.4275,-0.1679,41.80
26150,0.1724,9.9934,0.9697,-2.1374,0.5649,-0.2290,41.47
26200,0.1844,9.9407,0.8930,-2.4427,0.5191,-0.0916,41.28
26250,0.1796,9.9359,0.8930,-2.1679,0.3664,-0.1527,41.61
26300,0.1772,9.9383,0.9505,-2.2290,0.5191,-0.2290,41.61
26350,0.1484,9.9910,0.8547,-2.4122,0.3511,0.0000,41.61
26400,0.1963,10.0006,0.9122,-2.1069,0.6870,-0.3511,41.80
26450,0.1604,9.9575,0.9409,-2.3359,0.5496,-0.0305,41.42
26500,0.1508,9.9623,0.8859,-2.2748,0.5038,0.1374,41.47
26550,0.1628,9.9671,0.8930,-2.5038,0.5649,-0.1221,41.75
26600,0.1652,9.9359,0.8835,-2.5954,0.5802,-0.0763,41.75
26650,0.1604,9.9647,0.8763,-2.3511,0.3817,-0.0458,41.94
26700,0.1939,9.9862,0.8835,-2.4122,0.7023,-0.0458,41.61
26750,0.1484,9.9910,0.9337,-2.2290,0.2290,-0.0153,41.75
26800,0.1748,9.9383,0.9074,-2.1985,0.2748,0.0916,41.75
26850,0.2107,9.9359,0.9242,-2.4275,0.5954,0.0153,41.42
26900,0.2227,9.9623,0.9673,-2.2595,0.2901,0.1069,41.42
26950,0.1652,9.9431,0.8739,-2.3817,0.3969,-0.1832,41.75
27000,0.1245,9.9455,0.9290,-2.4275,0.2748,-0.3817,41.80
27050,0.1604,9.9647,0.9697,-2.3511,0.5344,-0.0916,41.71
27100,0.1676,9.9886,0.8954,-2.3053,0.4885,0.1221,41.42
27150,0.1987,9.9647,0.9026,-2.1832,0.7786,-0.3206,41.75
27200,0.1796,9.9671,0.9768,-2.3206,0.1832,-0.2137,41.57
27250,0.1724,9.9575,0.9313,-2.2137,0.4122,0.0000,41.57
27300,0.2155,9.9671,0.9194,-2.4580,0.5344,0.0000,41.71
27350,0.1915,9.9838,0.9433,-2.3053,0.4733,0.0305,41.61
27400,0.1532,10.0173,0.9481,-2.1374,0.6412,0.0153,41.71
27450,0.1365,9.9958,0.9505,-2.3664,0.5344,0.0611,41.89
27500,0.1652,9.9695,0.9194,-2.2748,0.5344,0.0305,41.47
27550,0.1867,9.9264,0.9385,-2.3206,0.5344,0.0153,41.57
27600,0.1556,9.9647,0.8882,-2.3359,0.2901,-0.2290,41.38
27650,0.1915,9.9742,0.8859,-2.4275,0.4275,0.0153,41.42
27700,0.1532,9.9407,0.9505,-2.2748,0.2901,-0.1679,41.80
27750,0.1867,9.9479,0.8906,-2.4885,0.4885,0.0000,41.57
27800,0.1149,9.9718,0.9361,-2.2901,0.3206,-0.1679,41.57
27850,0.1700,9.9527,0.9194,-2.3053,0.3359,-0.1374,41.42
27900,0.1413,9.9671,0.9313,-2.1832,0.5649,-0.0305,41.75
27950,0.1820,9.9551,0.9433,-2.1679,0.4580,-0.0458,41.57
28000,0.1844,9.9575,0.9050,-2.4580,0.3053,-0.1527,41.61
28050,0.1915,9.9958,0.9505,-2.3511,0.5802,0.1527,41.42
28100,0.1676,9.9862,0.9697,-2.3359,0.2290,0.0305,41.28
28150,0.1796,9.9814,0.8906,-2.4122,0.7176,-0.2901,41.71
28200,0.2035,9.9527,0.9074,-2.6870,0.5344,-0.0458,41.75
28250,0.1772,9.9647,0.9720,-2.2137,0.6412,0.0000,41.80
28300,0.1652,9.9862,0.8859,-2.2595,0.6260,0.1221,41.89
28350,0.1604,9.9288,0.9002,-2.0763,0.3511,-0.1374,41.57
28400,0.1604,9.9407,0.8715,-2.5496,0.5038,0.0611,41.71
28450,0.1676,9.9431,0.9266,-2.2595,0.4427,-0.1527,41.80
28500,0.1580,9.9718,0.9601,-2.5649,0.3206,0.0916,41.61
28550,0.1915,9.9838,0.8691,-2.5954,0.5191,-0.1527,41.42
28600,0.1556,9.9575,0.8954,-2.2901,0.6412,-0.1374,41.61
28650,0.1437,9.9695,0.8811,-2.5038,0.6412,-0.1069,41.61
28700,0.1532,9.9742,0.9242,-2.3053,0.4427,-0.1832,41.71
28750,0.1772,9.9551,0.9266,-2.3664,0.2748,-0.0458,41.89
28800,0.1796,9.9311,0.9625,-2.3511,0.4885,-0.3053,41.75
28850,0.2035,9.9623,0.8906,-2.3206,0.6260,-0.0458,41.71
28900,0.1437,9.9359,0.9409,-2.3969,0.6718,-0.5038,41.57
28950,0.1580,9.9264,0.8715,-2.4580,0.6260,-0.2748,41.71
29000,0.1867,9.9623,0.8787,-2.1985,0.5191,-0.3359,41.57
29050,0.1963,9.9479,0.8811,-2.6870,0.4885,-0.2443,41.47
29100,0.1293,9.9551,0.8954,-2.5038,0.4733,-0.1527,41.71
29150,0.1796,9.9431,0.9673,-1.9847,0.7023,-0.0611,41.61
29200,0.1724,9.9479,0.8715,-2.4733,0.3359,-0.1679,41.57
29250,0.1987,9.9671,0.9481,-2.3206,0.2901,-0.2748,41.75
29300,0.1221,9.9575,0.9218,-2.2748,0.3053,-0.3359,41.75
29350,0.1508,9.9814,0.9673,-2.2290,0.5649,-0.2595,41.75
29400,0.1628,9.9934,0.9481,-2.5344,0.5802,-0.3817,41.42
29450,0.1460,9.9695,0.9960,-2.2137,0.3511,-0.1679,41.47
29500,0.1987,9.9551,0.9553,-2.3969,0.4580,-0.0611,41.61
29550,0.1460,9.9575,0.9385,-2.5496,0.5496,-0.1679,41.80
29600,0.1748,9.9838,0.8906,-2.4733,0.6565,-0.1679,41.75
29650,0.2011,9.9264,0.9697,-2.3206,0.6260,0.0305,41.75
29700,0.1748,9.9814,0.9481,-2.1527,0.3664,-0.2595,41.80
29750,0.1030,9.9599,0.9577,-2.4427,0.6260,-0.1374,41.47
29800,0.1628,9.9814,0.9002,-2.3359,0.6260,-0.1374,41.71
29850,0.1939,9.9359,0.9433,-2.2901,0.5038,-0.1069,41.80
29900,0.1580,9.9766,0.9816,-2.2137,0.4122,-0.3053,41.61
29950,0.1796,9.9311,0.9385,-2.3206,0.6107,-0.2595,41.71
